-- phpMyAdmin SQL Dump
-- version 5.2.1
-- https://www.phpmyadmin.net/
--
-- Host: 127.0.0.1
-- Generation Time: Jul 14, 2025 at 01:24 AM
-- Server version: 10.4.32-MariaDB
-- PHP Version: 8.2.12

SET SQL_MODE = "NO_AUTO_VALUE_ON_ZERO";
START TRANSACTION;
SET time_zone = "+00:00";


/*!40101 SET @OLD_CHARACTER_SET_CLIENT=@@CHARACTER_SET_CLIENT */;
/*!40101 SET @OLD_CHARACTER_SET_RESULTS=@@CHARACTER_SET_RESULTS */;
/*!40101 SET @OLD_COLLATION_CONNECTION=@@COLLATION_CONNECTION */;
/*!40101 SET NAMES utf8mb4 */;

--
-- Database: `my_tasks_app`
--

-- --------------------------------------------------------

--
-- Table structure for table `categories`
--

CREATE TABLE `categories` (
  `id` int(11) NOT NULL,
  `user_id` int(11) NOT NULL,
  `name` varchar(100) NOT NULL
) ENGINE=InnoDB DEFAULT CHARSET=utf8mb4 COLLATE=utf8mb4_unicode_ci;

--
-- Dumping data for table `categories`
--

INSERT INTO `categories` (`id`, `user_id`, `name`) VALUES
(1, 3, 'לימודים'),
(2, 3, 'קניות'),
(4, 3, 'בית'),
(5, 4, 'עבודה'),
(6, 4, 'בית');

-- --------------------------------------------------------

--
-- Table structure for table `tasks`
--

CREATE TABLE `tasks` (
  `id` int(11) NOT NULL,
  `user_id` int(11) NOT NULL,
  `category_id` int(11) DEFAULT NULL,
  `description` varchar(200) NOT NULL,
  `due_date` date DEFAULT NULL,
  `is_completed` tinyint(1) NOT NULL DEFAULT 0
) ENGINE=InnoDB DEFAULT CHARSET=utf8mb4 COLLATE=utf8mb4_unicode_ci;

--
-- Dumping data for table `tasks`
--

INSERT INTO `tasks` (`id`, `user_id`, `category_id`, `description`, `due_date`, `is_completed`) VALUES
(3, 3, NULL, 'kkkk', NULL, 0),
(4, 3, 1, 'ללמוד למבחן', '2025-07-16', 0),
(5, 3, 2, 'לעשות קניות', '2025-07-15', 1),
(6, 4, 5, 'ללכת לעבודה', '2025-07-17', 1),
(7, 4, NULL, 'ללמוד למבחן', '2025-07-14', 0),
(8, 3, NULL, 'לסיים את הפרוייקט', '2025-07-14', 1);

-- --------------------------------------------------------

--
-- Table structure for table `users`
--

CREATE TABLE `users` (
  `id` int(11) NOT NULL,
  `name` varchar(255) NOT NULL,
  `user_name` varchar(255) NOT NULL,
  `email` varchar(255) NOT NULL,
  `password_hash` varchar(255) NOT NULL,
  `is_admin` tinyint(1) NOT NULL DEFAULT 0
) ENGINE=InnoDB DEFAULT CHARSET=utf8mb4 COLLATE=utf8mb4_unicode_ci;

--
-- Dumping data for table `users`
--

INSERT INTO `users` (`id`, `name`, `user_name`, `email`, `password_hash`, `is_admin`) VALUES
(3, 'zion', 'zion1460', 'amzion24@gmail.com', '83cd61ec345ce2ceec6f062719d7bae0', 1),
(4, 'dudu', 'dudu', 'dudu@d.com', '83cd61ec345ce2ceec6f062719d7bae0', 0),
(5, 'beni', 'beni', 'beni@b.com', '83cd61ec345ce2ceec6f062719d7bae0', 0);

--
-- Indexes for dumped tables
--

--
-- Indexes for table `categories`
--
ALTER TABLE `categories`
  ADD PRIMARY KEY (`id`),
  ADD KEY `user_id` (`user_id`);

--
-- Indexes for table `tasks`
--
ALTER TABLE `tasks`
  ADD PRIMARY KEY (`id`),
  ADD KEY `user_id` (`user_id`),
  ADD KEY `category_id` (`category_id`);

--
-- Indexes for table `users`
--
ALTER TABLE `users`
  ADD PRIMARY KEY (`id`);

--
-- AUTO_INCREMENT for dumped tables
--

--
-- AUTO_INCREMENT for table `categories`
--
ALTER TABLE `categories`
  MODIFY `id` int(11) NOT NULL AUTO_INCREMENT, AUTO_INCREMENT=7;

--
-- AUTO_INCREMENT for table `tasks`
--
ALTER TABLE `tasks`
  MODIFY `id` int(11) NOT NULL AUTO_INCREMENT, AUTO_INCREMENT=9;

--
-- AUTO_INCREMENT for table `users`
--
ALTER TABLE `users`
  MODIFY `id` int(11) NOT NULL AUTO_INCREMENT, AUTO_INCREMENT=6;

--
-- Constraints for dumped tables
--

--
-- Constraints for table `categories`
--
ALTER TABLE `categories`
  ADD CONSTRAINT `categories_ibfk_1` FOREIGN KEY (`user_id`) REFERENCES `users` (`id`) ON DELETE CASCADE;

--
-- Constraints for table `tasks`
--
ALTER TABLE `tasks`
  ADD CONSTRAINT `tasks_ibfk_1` FOREIGN KEY (`user_id`) REFERENCES `users` (`id`) ON DELETE CASCADE,
  ADD CONSTRAINT `tasks_ibfk_2` FOREIGN KEY (`category_id`) REFERENCES `categories` (`id`) ON DELETE SET NULL;
COMMIT;

/*!40101 SET CHARACTER_SET_CLIENT=@OLD_CHARACTER_SET_CLIENT */;
/*!40101 SET CHARACTER_SET_RESULTS=@OLD_CHARACTER_SET_RESULTS */;
/*!40101 SET COLLATION_CONNECTION=@OLD_COLLATION_CONNECTION */;
